Address,Zone,Type,Total Area,Bathrooms,Bedrooms,Vacancies,Price,Description,Link
"Rua Cristiano Viana, Cerqueira César",sp+sao-paulo+centro,casas,102,2,2,3,4500,Locação Casa Cerqueira César São Paulo,/imovel/aluguel-casa-2-quartos-com-varanda-cerqueira-cesar-centro-sao-paulo-sp-102m2-id-2507834078/
"Rua dos Franceses, Bela Vista",sp+sao-paulo+centro,casas,320,5,12,8,19700,SOBRADO COMERCIAL COM DEZ SALAS NA BELA VISTA,/imovel/aluguel-casa-12-quartos-bela-vista-centro-sao-paulo-sp-320m2-id-2515091882/
"Avenida da Aclimação, Aclimação",sp+sao-paulo+centro,casas,360,2,3,5,30000,SãO PAULO - Casa Padrão - Aclimação,/imovel/venda-casa-3-quartos-aclimacao-centro-sao-paulo-sp-360m2-id-2493963275/
"Rua das Palmeiras, Jardim Azano I",sp+sao-paulo+centro,casas,125,2,3,2,1500,Sobrado para venda ou aluguel no Jardim Azano I,/imovel/venda-casa-3-quartos-com-churrasqueira-jardim-azano-i-centro-sao-paulo-sp-125m2-id-2516002848/
"Travessa Vila Nilo, Aclimação",sp+sao-paulo+centro,casas,80,2,2,0,3500,SÃO PAULO - CASA DE VILA - ACLIMACAO,/imovel/aluguel-casa-2-quartos-com-quintal-aclimacao-centro-sao-paulo-sp-80m2-id-2514580377/
"Avenida Pedroso da Silveira, Pari",sp+sao-paulo+centro,casas,118,4,3,1,3600,São Paulo - Casa Padrão - Pari,/imovel/aluguel-casa-3-quartos-mobiliado-pari-centro-sao-paulo-sp-118m2-id-2515918280/
"Rua José Comparato, Aclimação",sp+sao-paulo+centro,casas,250,3,3,6,4300,"Sobrado com 3 dormitórios para alugar, 250 m² por R$ 4.300,00/mês - Aclimação - São Paulo/SP",/imovel/aluguel-casa-3-quartos-com-armario-de-cozinha-aclimacao-centro-sao-paulo-sp-250m2-id-2513978775/
Aclimação,sp+sao-paulo+centro,casas,90,1,2,0,1800,Sao Paulo - Casa Padrão - Aclimação,/imovel/aluguel-casa-2-quartos-aclimacao-centro-sao-paulo-sp-90m2-id-2516115981/
"Rua Pedro Inácio de Araújo, Vila Sao Silvestre",sp+sao-paulo+centro,casas,115,2,2,2,2000,SAO PAULO - Casa de Condomínio - Vila São Silvestre,/imovel/aluguel-casa-2-quartos-com-churrasqueira-vila-sao-silvestre-centro-sao-paulo-sp-115m2-id-2245655702/
"Rua Senador Felício dos Santos, Liberdade",sp+sao-paulo+centro,casas,66,1,2,0,1600,"Casa com 2 dormitórios para alugar, 66 m² por R$ 1.600/mês - Liberdade - São Paulo/SP",/imovel/aluguel-casa-2-quartos-com-lavanderia-coletiva-liberdade-centro-sao-paulo-sp-66m2-id-2515489808/
Luz,sp+sao-paulo+centro,casas,70,2,2,0,2500,Casa de 2 dormitórios - 70m² - Luz,/imovel/aluguel-casa-2-quartos-luz-centro-sao-paulo-sp-70m2-id-2514910384/
"Rua Antônio de Andrade, Pari",sp+sao-paulo+centro,casas,40,1,1,1,1000,Casa para aluguel tem 40 metros quadrados com 1 quarto em Canindé - São Paulo - SP,/imovel/aluguel-casa-1-quarto-com-area-de-servico-pari-centro-sao-paulo-sp-40m2-id-2510811276/
Aclimação,sp+sao-paulo+centro,casas,278,4,4,3,3200,"Sobrado com 4 dormitórios para alugar, 278 m² por R$ 3.200,00/mês - Aclimação - São Paulo/SP",/imovel/aluguel-casa-4-quartos-com-ar-condicionado-aclimacao-centro-sao-paulo-sp-278m2-id-2511809085/
"Avenida Pedroso da Silveira, Pari",sp+sao-paulo+centro,casas,118,3,2,1,2800,São Paulo - Casa Padrão - Pari,/imovel/aluguel-casa-2-quartos-com-armario-embutido-pari-centro-sao-paulo-sp-118m2-id-2515917876/
"Rua Vila do Conde, Bom Retiro",sp+sao-paulo+centro,casas,100,1,2,2,1870,São Paulo - Casa Padrão - Bom Retiro,/imovel/aluguel-casa-2-quartos-com-armario-embutido-bom-retiro-centro-sao-paulo-sp-100m2-id-2513066178/
Aclimação,sp+sao-paulo+centro,casas,230,3,3,2,4200,"Sobrado com 3 dormitórios para alugar, 230 m² por R$ 4.200/mês - Aclimação - São Paulo/SP",/imovel/aluguel-casa-3-quartos-com-cozinha-aclimacao-centro-sao-paulo-sp-230m2-id-2509769479/
"Rua Alagoas, Higienópolis",sp+sao-paulo+centro,casas,40,1,1,1,2500,"Sobrado com 1 dormitório para alugar, 40 m² por R$ 2.500,00/mês - Higienópolis - São Paulo/SP",/imovel/aluguel-casa-1-quarto-com-piscina-higienopolis-centro-sao-paulo-sp-40m2-id-2513471214/
"Rua Araguaia, Canindé",sp+sao-paulo+centro,casas,150,1,3,0,2000,"Casa Residencial/Escritório para locação no Canindé, 150m²",/imovel/aluguel-casa-3-quartos-com-area-de-servico-caninde-centro-sao-paulo-sp-150m2-id-2443839836/
"Rua Saturno, Aclimação",sp+sao-paulo+centro,casas,120,3,3,2,4000,SãO PAULO - Casa Padrão - Aclimação,/imovel/aluguel-casa-3-quartos-aclimacao-centro-sao-paulo-sp-120m2-id-2515625585/
"Rua Alabastro, Aclimação",sp+sao-paulo+centro,casas,160,3,3,1,4100,Sobrado para locação Residencial/Comercial,/imovel/aluguel-casa-3-quartos-aclimacao-centro-sao-paulo-sp-160m2-id-2515853845/
"Rua Pais de Andrade, Aclimação",sp+sao-paulo+centro,casas,80,2,2,1,3200,SAO PAULO - CASA DE VILA - ACLIMACAO,/imovel/aluguel-casa-2-quartos-aclimacao-centro-sao-paulo-sp-80m2-id-2516068174/
"Rua Tupi, Santa Cecília",sp+sao-paulo+centro,casas,150,2,2,2,5800,SãO PAULO - Casa Padrão - Santa Cecília,/imovel/aluguel-casa-2-quartos-com-quintal-santa-cecilia-centro-sao-paulo-sp-150m2-id-2442134028/
"Alameda Tietê, Cerqueira César",sp+sao-paulo+centro,casas,200,3,3,1,15000,"Casa para alugar, 200 m² por R$ 15.000,00/mês - Cerqueira Cezar - São Paulo/SP",/imovel/aluguel-casa-3-quartos-cerqueira-cesar-centro-sao-paulo-sp-200m2-id-2503556114/
"Rua Coronel Diogo, Aclimação",sp+sao-paulo+centro,casas,110,2,3,0,2500,"Casa Residencial/Comercial com 3 dormitórios/salas para alugar, 110 m² por R$ 2.500/mês - Aclimação",/imovel/aluguel-casa-3-quartos-com-armario-de-cozinha-aclimacao-centro-sao-paulo-sp-110m2-id-2511917592/
"Rua Bela Cintra, Cerqueira César",sp+sao-paulo+centro,apartamentos,56,2,1,0,5404,Duplex Housi Bela Cintra - 1 dormitório - Jardins,/imovel/aluguel-apartamento-1-quarto-mobiliado-cerqueira-cesar-centro-sao-paulo-sp-56m2-id-2494833624/
"Rua Piauí, Higienópolis",sp+sao-paulo+centro,apartamentos,105,1,2,1,3400,"Apartamento com 2 dormitórios, 105 m² - venda por R$ 1.065.000,00 ou aluguel por R$ 3.400,00 - Higie",/imovel/venda-apartamento-2-quartos-higienopolis-centro-sao-paulo-sp-105m2-id-2516372886/
"Rua Augusta, Consolação",sp+sao-paulo+centro,apartamentos,35,1,1,1,2400,Apartamento com 35m² 1 dormitório (suíte) mobiliado 1 vaga de garagem - Consolação - São Paulo/SP,/imovel/venda-apartamento-1-quarto-mobiliado-consolacao-centro-sao-paulo-sp-35m2-id-2500958843/
"Rua Bela Cintra, Cerqueira César",sp+sao-paulo+centro,apartamentos,50,2,2,1,2900,"Imperdível Apto 02 dorms, 01 suíte e 01 vaga 50m² Cerqueira César/Consolação",/imovel/aluguel-apartamento-2-quartos-com-piscina-cerqueira-cesar-centro-sao-paulo-sp-50m2-id-2515395631/
"Rua Baronesa de Itu, Higienópolis",sp+sao-paulo+centro,apartamentos,30,1,1,1,2500,Apartamento para aluguel tem 30 metros quadrados com 1 quarto em Indianópolis - São Paulo - SP,/imovel/aluguel-apartamento-1-quarto-mobiliado-higienopolis-centro-sao-paulo-sp-30m2-id-2514944974/
"Rua Dona Antônia de Queirós, Consolação",sp+sao-paulo+centro,apartamentos,40,1,1,1,2200,"Apartamento com 1 dormitório para alugar, 40 m² por R$ 2.200,00/mês - Consolação - São Paulo/SP",/imovel/aluguel-apartamento-1-quarto-com-piscina-consolacao-centro-sao-paulo-sp-40m2-id-2514095448/
"Rua Dona Antônia de Queirós, Consolação",sp+sao-paulo+centro,apartamentos,40,1,1,1,2200,"Apartamento com 1 dormitório para alugar, 40 m² por R$ 2.200,00/mês - Consolação - São Paulo/SP",/imovel/aluguel-apartamento-1-quarto-com-piscina-consolacao-centro-sao-paulo-sp-40m2-id-2514678988/
"Rua Vinte e Cinco de Janeiro, Luz",sp+sao-paulo+centro,apartamentos,50,1,2,1,2000,Apartamento para aluguel com 50 metros quadrados com 2 quartos em Luz - São Paulo - São Paulo,/imovel/aluguel-apartamento-2-quartos-com-piscina-luz-centro-sao-paulo-sp-50m2-id-2516210479/
"Rua Major Quedinho, Centro",sp+sao-paulo+centro,apartamentos,53,2,2,1,3300,Apartamento com 2 dormitórios para locação de 53 m² por R$ 3.300/mês - Bela Vista,/imovel/aluguel-apartamento-2-quartos-mobiliado-centro-centro-sao-paulo-sp-53m2-id-2514103310/
"Rua Conselheiro Furtado, Centro",sp+sao-paulo+centro,apartamentos,55,1,2,1,1700,Apartamento para aluguel com 55 metros quadrados com 2 quartos em Liberdade - São Paulo - SP,/imovel/aluguel-apartamento-2-quartos-com-churrasqueira-centro-centro-sao-paulo-sp-55m2-id-2513464796/
Consolação,sp+sao-paulo+centro,apartamentos,44,1,1,1,1850,São Paulo - Apartamento Padrão - Consolação,/imovel/aluguel-apartamento-1-quarto-consolacao-centro-sao-paulo-sp-44m2-id-2516267505/
"Rua Caio Prado, Consolação",sp+sao-paulo+centro,apartamentos,56,1,2,1,3800,Apartamento Mobiliado para alugar | Cadoro Residências | 2 dormitórios | 1 vaga de garagem,/imovel/aluguel-apartamento-2-quartos-mobiliado-consolacao-centro-sao-paulo-sp-56m2-id-2516166508/
"Rua Maria Antônia, Vila Buarque",sp+sao-paulo+centro,apartamentos,54,1,1,0,1500,Apartamento na quadra da Universidade Mackenzie e do metrô,/imovel/aluguel-apartamento-1-quarto-vila-buarque-centro-sao-paulo-sp-54m2-id-2515886444/
"Alameda Olga, Santa Cecília",sp+sao-paulo+centro,apartamentos,51,1,1,1,3000,Apartamento para aluguel com 51 metros quadrados com 1 quarto em Barra Funda - São Paulo - SP,/imovel/aluguel-apartamento-1-quarto-mobiliado-santa-cecilia-centro-sao-paulo-sp-51m2-id-2514447892/
"Rua Doutor Albuquerque Lins, Santa Cecília",sp+sao-paulo+centro,apartamentos,120,2,3,1,4000,Apartamento para aluguel possui 120 metros quadrados com 3 quartos em Santa Cecília - São Paulo - SP,/imovel/aluguel-apartamento-3-quartos-com-academia-santa-cecilia-centro-sao-paulo-sp-120m2-id-2516082971/
"Rua Frei Caneca, Bela Vista",sp+sao-paulo+centro,apartamentos,45,1,1,1,1700,"Apartamento com 1 dormitório para alugar, 45 m² por R$ 1.700,00/mês - Bela Vista - São Paulo/SP",/imovel/aluguel-apartamento-1-quarto-bela-vista-centro-sao-paulo-sp-45m2-id-2514422690/
"Rua Pedro Taques, Consolação",sp+sao-paulo+centro,apartamentos,46,1,1,1,2300,Apartamento para aluguel com 46 metros quadrados com 1 quarto em Consolação - São Paulo - SP,/imovel/aluguel-apartamento-1-quarto-mobiliado-consolacao-centro-sao-paulo-sp-46m2-id-2515972618/
"Rua Bela Cintra, Consolação",sp+sao-paulo+centro,apartamentos,55,1,1,1,2500,Rua Bela Cintra - Alugo Apto mobiliado,/imovel/aluguel-apartamento-1-quarto-mobiliado-consolacao-centro-sao-paulo-sp-55m2-id-2515874675/
"Rua Bueno de Andrade, Aclimação",sp+sao-paulo+centro,apartamentos,65,2,3,2,2300,SÃO PAULO - APARTAMENTO - ACLIMACAO,/imovel/aluguel-apartamento-3-quartos-com-piscina-aclimacao-centro-sao-paulo-sp-65m2-id-2516183782/
"Rua São Vicente de Paulo, Santa Cecília",sp+sao-paulo+centro,apartamentos,45,2,1,1,1750,Apartamento com sacada de 45m².,/imovel/aluguel-apartamento-1-quarto-com-piscina-santa-cecilia-centro-sao-paulo-sp-45m2-id-2516022024/
"Rua Piauí, Higienópolis",sp+sao-paulo+centro,apartamentos,52,1,2,1,2900,2 DORMITORIOS - HIGIENOPOLIS !!!,/imovel/aluguel-apartamento-2-quartos-com-piscina-higienopolis-centro-sao-paulo-sp-52m2-id-2511517292/
"Rua Imaculada Conceição, Santa Cecília",sp+sao-paulo+centro,apartamentos,72,2,2,2,3800,"Apartamento com 2 dormitórios para alugar, 72 m² por R$ 3.800,00/mês - Santa Cecília - São Paulo/SP",/imovel/aluguel-apartamento-2-quartos-com-piscina-santa-cecilia-centro-sao-paulo-sp-72m2-id-2514762952/
"Rua Augusta, Consolação",sp+sao-paulo+centro,apartamentos,66,2,2,1,3700,São Paulo - Apartamento Padrão - Consolação,/imovel/aluguel-apartamento-2-quartos-com-piscina-consolacao-centro-sao-paulo-sp-66m2-id-2515228487/
"Rua Francisco Justino de Azevedo, Aclimação",sp+sao-paulo+centro,apartamentos,70,2,2,2,2700,São Paulo - Apartamento Padrão - Aclimação,/imovel/aluguel-apartamento-2-quartos-com-piscina-aclimacao-centro-sao-paulo-sp-70m2-id-2516341674/
"Rua Janumas, Vila Ema",sp+sao-paulo+zona-leste,casas,120,1,2,1,1500,"Casa em Vila Santa Clara, São Paulo - SP - São Paulo",/imovel/aluguel-casa-2-quartos-vila-ema-zona-leste-sao-paulo-sp-120m2-id-2513342802/
Jardim Danfer,sp+sao-paulo+zona-leste,casas,250,3,4,4,5000,São Paulo - Casa Padrão - Jardim Danfer,/imovel/aluguel-casa-4-quartos-com-quintal-jardim-danfer-zona-leste-sao-paulo-sp-250m2-id-2514994200/
Chácara Califórnia,sp+sao-paulo+zona-leste,casas,106,1,2,1,2500,Sobrado com 02 dormitório para alugar no Tatuapé - São Paulo - SP,/imovel/aluguel-casa-2-quartos-chacara-california-zona-leste-sao-paulo-sp-106m2-id-2516409415/
"Rua Dona Maria Cândida de Lima, Vila Paulo Silas",sp+sao-paulo+zona-leste,casas,320,2,3,4,1800,"Casa para Locação em São Paulo, Vila Paulo Silas, 3 dormitórios, 1 suíte, 2 banheiros, 4 vagas",/imovel/aluguel-casa-3-quartos-vila-paulo-silas-zona-leste-sao-paulo-sp-320m2-id-2516271294/
São Mateus,sp+sao-paulo+zona-leste,casas,150,3,3,2,1500,São Paulo - Casa Padrão - CIDADE SÃO MATEUS,/imovel/aluguel-casa-3-quartos-sao-mateus-zona-leste-sao-paulo-sp-150m2-id-2516134498/
Tatuapé,sp+sao-paulo+zona-leste,casas,120,2,2,2,2300,São Paulo - Casa Padrão - TATUAPE,/imovel/aluguel-casa-2-quartos-com-area-de-servico-tatuape-zona-leste-sao-paulo-sp-120m2-id-2514571758/
"Rua Uhland, Vila Ema",sp+sao-paulo+zona-leste,casas,100,2,2,3,1400,"Casa com 2 dormitórios para alugar, 100 m² por R$ 1.400,00/mês - Vila Ema - São Paulo/SP",/imovel/aluguel-casa-2-quartos-com-cozinha-vila-ema-zona-leste-sao-paulo-sp-100m2-id-2514645388/
Penha De Franca,sp+sao-paulo+zona-leste,casas,250,2,3,4,2350,São Paulo - Casa Padrão - Penha de França,/imovel/aluguel-casa-3-quartos-penha-de-franca-zona-leste-sao-paulo-sp-250m2-id-2515443794/
Vila Popular,sp+sao-paulo+zona-leste,casas,130,2,2,2,2000,São Paulo - Casa Padrão - VILA POPULAR,/imovel/aluguel-casa-2-quartos-vila-popular-zona-leste-sao-paulo-sp-130m2-id-2515035688/
Vila Divina Pastora,sp+sao-paulo+zona-leste,casas,95,1,3,2,1800,SÃO PAULO - Casa Padrão - VILA DIVINA PASTORA,/imovel/aluguel-casa-3-quartos-com-sala-de-jantar-vila-divina-pastora-zona-leste-sao-paulo-sp-95m2-id-2515756276/
Cangaíba,sp+sao-paulo+zona-leste,casas,200,2,3,2,2500,"Casa com 3 dormitórios para alugar, 200 m² por R$ 2.500,00/mês - Cangaíba - São Paulo/SP",/imovel/aluguel-casa-3-quartos-com-quintal-cangaiba-zona-leste-sao-paulo-sp-200m2-id-2516136046/
"Rua Pedro de Resende, Tatuapé",sp+sao-paulo+zona-leste,casas,100,4,3,5,3200,Casa Térrea no Tatuapé,/imovel/aluguel-casa-3-quartos-tatuape-zona-leste-sao-paulo-sp-100m2-id-2514832622/
Vila Matilde,sp+sao-paulo+zona-leste,casas,150,2,3,1,1400,São Paulo - Casa Padrão - Vila Matilde,/imovel/aluguel-casa-3-quartos-com-quintal-vila-matilde-zona-leste-sao-paulo-sp-150m2-id-2516151790/
"Rua dos Cambistas, Vila Bancaria",sp+sao-paulo+zona-leste,casas,90,2,2,2,1100,São Paulo - Casa Padrão - Vila Bancária,/imovel/aluguel-casa-2-quartos-com-quintal-vila-bancaria-zona-leste-sao-paulo-sp-90m2-id-2516106738/
"Rua Adélia Maria Felícia de Souza, Vila Carmosina",sp+sao-paulo+zona-leste,casas,136,3,4,2,2200,Casa de 3 andares com 4 dormitórios e 1 suíte,/imovel/aluguel-casa-4-quartos-vila-carmosina-zona-leste-sao-paulo-sp-136m2-id-2516330006/
Parque da Vila Prudente,sp+sao-paulo+zona-leste,casas,180,2,2,2,2500,"Casa com 2 dormitórios para alugar, 180 m² por R$ 2.500,00/mês - Vila Prudente (Zona Leste) - São Pa",/imovel/aluguel-casa-2-quartos-com-churrasqueira-parque-da-vila-prudente-zona-leste-sao-paulo-sp-180m2-id-2516312383/
Água Rasa,sp+sao-paulo+zona-leste,casas,125,2,3,2,1800,São Paulo - Casa Padrão - Água Rasa,/imovel/aluguel-casa-3-quartos-com-churrasqueira-agua-rasa-zona-leste-sao-paulo-sp-125m2-id-2513894396/
"Rua Astorga, Vila Guilhermina",sp+sao-paulo+zona-leste,casas,135,3,3,3,2826,São Paulo - Casa Padrão - Vila Guilhermina,/imovel/aluguel-casa-3-quartos-mobiliado-vila-guilhermina-zona-leste-sao-paulo-sp-135m2-id-2516160449/
"Rua Aldino, Chácara Belenzinho",sp+sao-paulo+zona-leste,casas,120,2,2,1,2300,Linda Casa para Alugar Chácara Belenzinho.,/imovel/aluguel-casa-2-quartos-chacara-belenzinho-zona-leste-sao-paulo-sp-120m2-id-2516060304/
"Rua Juçaral, Parada XV de Novembro",sp+sao-paulo+zona-leste,casas,144,2,2,1,1600,"Casa com 2 dormitórios para alugar, 144 m² por R$ 1.600/mês - Parada XV de Novembro - São Paulo/SP",/imovel/aluguel-casa-2-quartos-parada-xv-de-novembro-zona-leste-sao-paulo-sp-144m2-id-2513821683/
"Rua General Sócrates, Penha",sp+sao-paulo+zona-leste,casas,140,1,2,1,2200,Casa para aluguel com 140 metros quadrados com 2 quartos em Penha de França - São Paulo - SP,/imovel/aluguel-casa-2-quartos-penha-zona-leste-sao-paulo-sp-140m2-id-2514422321/
"Rua Luís da Guerra, Vila Industrial",sp+sao-paulo+zona-leste,casas,120,2,3,3,1600,Casa para venda possui 120 metros quadrados com 3 quartos em Jardim Angela - Z/L - São Paulo - SP,/imovel/aluguel-casa-3-quartos-vila-industrial-zona-leste-sao-paulo-sp-120m2-id-2513244338/
"Rua Miranda Jordão, Chácara Mafalda",sp+sao-paulo+zona-leste,casas,99,1,2,2,1750,Sobrado em condomínio para locação próximo ao Shopping Anália Franco,/imovel/aluguel-casa-2-quartos-com-armario-de-cozinha-chacara-mafalda-zona-leste-sao-paulo-sp-99m2-id-2516200606/
"Rua Barbacena, Jardim Ana Rosa",sp+sao-paulo+zona-leste,casas,180,4,3,2,3000,"Sobrado com 3 dormitórios para alugar, 180 m² por R$ 3.000,00/mês - Jardim Ana Rosa - São Paulo/SP",/imovel/aluguel-casa-3-quartos-com-area-de-servico-jardim-ana-rosa-zona-leste-sao-paulo-sp-180m2-id-2514109040/
"Avenida Regente Feijó, Jardim Anália Franco",sp+sao-paulo+zona-leste,apartamentos,55,1,1,2,3500,Apartamento para aluguel possui 55 metros quadrados com 1 quarto,/imovel/aluguel-apartamento-1-quarto-com-piscina-jardim-analia-franco-zona-leste-sao-paulo-sp-55m2-id-2513380179/
"Rua Melo Peixoto, Tatuapé",sp+sao-paulo+zona-leste,apartamentos,50,1,2,1,1300,APARTAMENTO - TATUAPÉ - METRÔ,/imovel/aluguel-apartamento-2-quartos-com-piscina-tatuape-zona-leste-sao-paulo-sp-50m2-id-2491614218/
"Rua Pastor Agenor Caldeira Diniz, Jardim Imperador",sp+sao-paulo+zona-leste,apartamentos,55,1,2,1,1150,"Apartamento com 2 dormitórios para alugar, 55 m² por R$ 1.150,00/mês - Jardim Imperador (Zona Leste)",/imovel/aluguel-apartamento-2-quartos-com-tv-a-cabo-jardim-imperador-zona-leste-sao-paulo-sp-55m2-id-2516381412/
Parque São Jorge,sp+sao-paulo+zona-leste,apartamentos,64,2,2,1,2300,Apartamento 2 dormitorios no Tatuapé,/imovel/aluguel-apartamento-2-quartos-com-churrasqueira-parque-sao-jorge-zona-leste-sao-paulo-sp-64m2-id-2516333486/
Vila Bertioga,sp+sao-paulo+zona-leste,apartamentos,80,2,2,1,1900,MARAVILHOSO APARTAMENTO PARA VENDA NA MOOCA,/imovel/aluguel-apartamento-2-quartos-vila-bertioga-zona-leste-sao-paulo-sp-80m2-id-2516362427/
"Rua Maria Otília, Vila Regente Feijó",sp+sao-paulo+zona-leste,apartamentos,40,1,1,1,2200,Apartamento para aluguel com 40 metros quadrados com 1 quarto em Vila Regente Feijó - São Paulo - SP,/imovel/aluguel-apartamento-1-quarto-mobiliado-vila-regente-feijo-zona-leste-sao-paulo-sp-40m2-id-2514969702/
Brás,sp+sao-paulo+zona-leste,apartamentos,60,2,2,1,1900,AO LADO DA ESTAÇÃO DO METRO BRÁS,/imovel/aluguel-apartamento-2-quartos-bras-zona-leste-sao-paulo-sp-60m2-id-2513250091/
"Praça Barão de Itaqui, Vila Gomes Cardim",sp+sao-paulo+zona-leste,apartamentos,60,2,2,1,3150,IF550 Cond Deseo - 2 dorms sendo 1 suite/ 1 vaga/ lazer completo,/imovel/aluguel-apartamento-2-quartos-com-piscina-vila-gomes-cardim-zona-leste-sao-paulo-sp-60m2-id-2515380485/
Jardim Anália Franco,sp+sao-paulo+zona-leste,apartamentos,76,2,2,2,3500,"Apartamento com 2 dormitórios para alugar, 76 m² por R$ 3.500,00/mês - Jardim Anália Franco - São Pa",/imovel/aluguel-apartamento-2-quartos-mobiliado-jardim-analia-franco-zona-leste-sao-paulo-sp-76m2-id-2514748789/
Tatuapé,sp+sao-paulo+zona-leste,apartamentos,68,2,2,1,2000,São Paulo - Apartamento Padrão - Tatuapé,/imovel/aluguel-apartamento-2-quartos-tatuape-zona-leste-sao-paulo-sp-68m2-id-2514071517/
"Rua Vilela, Tatuapé",sp+sao-paulo+zona-leste,apartamentos,45,1,1,1,1800,"Apartamento excelente, Tatuapé, ótima localização, comércio, bares, restaurantes e hospitais.",/imovel/aluguel-apartamento-1-quarto-com-churrasqueira-tatuape-zona-leste-sao-paulo-sp-45m2-id-2512623180/
"Rua Butiá, Jardim Anália Franco",sp+sao-paulo+zona-leste,apartamentos,70,2,2,2,2243,São Paulo - Apartamento Padrão - Jardim Anália Franco,/imovel/aluguel-apartamento-2-quartos-com-piscina-jardim-analia-franco-zona-leste-sao-paulo-sp-70m2-id-2516340593/
Brás,sp+sao-paulo+zona-leste,apartamentos,65,1,2,1,2100,São Paulo - Apartamento Padrão - BRÁS,/imovel/aluguel-apartamento-2-quartos-com-piscina-bras-zona-leste-sao-paulo-sp-65m2-id-2512615987/
Móoca,sp+sao-paulo+zona-leste,apartamentos,92,3,3,2,4000,São Paulo - Apartamento Padrão - MOOCA,/imovel/aluguel-apartamento-3-quartos-mooca-zona-leste-sao-paulo-sp-92m2-id-2513958778/
"Rua Ipanema, Brás",sp+sao-paulo+zona-leste,apartamentos,47,1,2,1,1900,"Apartamento residencial para locação, Brás, São Paulo.",/imovel/aluguel-apartamento-2-quartos-com-piscina-bras-zona-leste-sao-paulo-sp-47m2-id-2516124484/
"Rua Piratininga, Brás",sp+sao-paulo+zona-leste,apartamentos,55,1,2,1,1800,Apartamento para aluguel com 55 metros quadrados com 2 quartos em Brás - São Paulo - SP,/imovel/aluguel-apartamento-2-quartos-com-piscina-bras-zona-leste-sao-paulo-sp-55m2-id-2515673491/
"Rua Nicolau Barreto, Brás",sp+sao-paulo+zona-leste,apartamentos,49,2,1,1,3000,"APTO PERTO SHOPPING MORUMBI, RUA COM SEGURANÇA",/imovel/aluguel-apartamento-1-quarto-bras-zona-leste-sao-paulo-sp-49m2-id-2511436687/
"Rua Vilela, Tatuapé",sp+sao-paulo+zona-leste,apartamentos,40,2,1,1,1900,"Apartamento com 1 dormitório para alugar, 40 m² por R$ 1.900,00/mês - Tatuapé - São Paulo/SP",/imovel/aluguel-apartamento-1-quarto-com-interfone-tatuape-zona-leste-sao-paulo-sp-40m2-id-2515007681/
Tatuapé,sp+sao-paulo+zona-leste,apartamentos,59,1,2,1,2500,São Paulo - Apartamento Padrão - Tatuapé,/imovel/aluguel-apartamento-2-quartos-com-piscina-tatuape-zona-leste-sao-paulo-sp-59m2-id-2516243974/
Vila Gomes Cardim,sp+sao-paulo+zona-leste,apartamentos,95,3,3,2,2500,Apartamento lindo no Tatuapé,/imovel/aluguel-apartamento-3-quartos-com-churrasqueira-vila-gomes-cardim-zona-leste-sao-paulo-sp-95m2-id-2514785116/
Guaiaúna,sp+sao-paulo+zona-leste,apartamentos,67,2,3,1,2500,São Paulo - Apartamento Padrão - GUAIAUNA,/imovel/aluguel-apartamento-3-quartos-com-piscina-guaiauna-zona-leste-sao-paulo-sp-67m2-id-2512607594/
"Rua Visconde de Parnaíba, Móoca",sp+sao-paulo+zona-leste,apartamentos,45,2,1,1,1550,São Paulo - Apartamento Padrão - Mooca,/imovel/aluguel-apartamento-1-quarto-com-piscina-mooca-zona-leste-sao-paulo-sp-45m2-id-2516162086/
"Rua José dos Reis, Vila Prudente",sp+sao-paulo+zona-leste,apartamentos,61,2,2,1,2244,São Paulo - Apartamento Padrão - Vila Prudente,/imovel/venda-apartamento-2-quartos-com-piscina-vila-prudente-zona-leste-sao-paulo-sp-61m2-id-2516278723/
"Rua Filipe Camarão, Tatuapé",sp+sao-paulo+zona-leste,apartamentos,50,1,1,1,2000,"Apartamento com 1 dormitório para alugar, 50 m² por R$ 2.000,00/mês - Tatuapé - São Paulo/SP",/imovel/aluguel-apartamento-1-quarto-com-piscina-tatuape-zona-leste-sao-paulo-sp-50m2-id-2514166712/
Vila Sabrina,sp+sao-paulo+zona-norte,casas,120,1,3,2,2500,"Sobrado com 3 dormitórios para alugar, 120 m² por R$ 2.500,00/mês - Vila Sabrina - São Paulo/SP",/imovel/aluguel-casa-3-quartos-com-quintal-vila-sabrina-zona-norte-sao-paulo-sp-120m2-id-2511673881/
Jardim Guança,sp+sao-paulo+zona-norte,casas,127,1,3,2,2500,"Sobrado com 3 dormitórios para alugar, 127 m² por R$ 2.500,00/mês - Jardim Guanca - São Paulo/SP",/imovel/aluguel-casa-3-quartos-com-quintal-jardim-guanca-zona-norte-sao-paulo-sp-127m2-id-2513415284/
Jardim São Paulo,sp+sao-paulo+zona-norte,casas,32,1,1,0,1200,"Casa com 1 dormitório para alugar, 32 m² por R$ 1.200,00/mês - Jardim São Paulo(Zona Norte) - São Pa",/imovel/aluguel-casa-1-quarto-com-interfone-jardim-sao-paulo-zona-norte-sao-paulo-sp-32m2-id-2515888585/
Tremembé,sp+sao-paulo+zona-norte,casas,120,2,3,2,2000,"Casa com 3 dormitórios para alugar, 120 m² por R$ 2.000,00",/imovel/aluguel-casa-3-quartos-com-interfone-tremembe-zona-norte-sao-paulo-sp-120m2-id-2516237785/
Jardim São Paulo,sp+sao-paulo+zona-norte,casas,74,2,2,2,2000,CASA TÉRREA JARDIM SÃO PAULO,/imovel/aluguel-casa-2-quartos-jardim-sao-paulo-zona-norte-sao-paulo-sp-74m2-id-2516364485/
"Avenida Nova Cantareira, Tucuruvi",sp+sao-paulo+zona-norte,casas,120,2,3,2,2000,SOBRADO - TUCURUVI - SP,/imovel/aluguel-casa-3-quartos-tucuruvi-zona-norte-sao-paulo-sp-120m2-id-2516251221/
Vila Dom Pedro II,sp+sao-paulo+zona-norte,casas,240,4,3,4,3000,AMPLO SOBRADO NA PARADA INGLESA,/imovel/aluguel-casa-3-quartos-com-quintal-vila-dom-pedro-ii-zona-norte-sao-paulo-sp-240m2-id-2516362524/
"Rua Francisca Biriba, Santa Teresinha",sp+sao-paulo+zona-norte,casas,130,3,3,2,2650,SAO PAULO - CASA - SANTA TERESINHA,/imovel/aluguel-casa-3-quartos-com-quintal-santa-teresinha-zona-norte-sao-paulo-sp-130m2-id-2516183781/
"Rua Maria Lopes, Horto Florestal",sp+sao-paulo+zona-norte,casas,140,3,3,3,2800,Sobrado Locação Horto Florestal,/imovel/aluguel-casa-3-quartos-horto-florestal-zona-norte-sao-paulo-sp-140m2-id-2514144442/
Vila Palmeiras,sp+sao-paulo+zona-norte,casas,150,1,2,2,2200,"Sobrado com 2 dormitórios e 2 suítes para alugar, 150 m² - Vila Palmeiras - São Paulo/SP",/imovel/aluguel-casa-2-quartos-com-tv-a-cabo-vila-palmeiras-zona-norte-sao-paulo-sp-150m2-id-2512498477/
"Rua Mário Eloy, Jardim Carlu",sp+sao-paulo+zona-norte,casas,260,4,3,4,3000,"Sobrado para Locação em São Paulo, Jardim Carlu, 3 dormitórios, 1 suíte, 4 banheiros, 4 vagas",/imovel/aluguel-casa-3-quartos-jardim-carlu-zona-norte-sao-paulo-sp-260m2-id-2516348719/
Freguesia do Ó,sp+sao-paulo+zona-norte,casas,127,2,3,2,2700,"Sobrado com 3 dormitórios para alugar, 127 m² por R$ 2.700,00/mês - Freguesia do Ó - São Paulo/SP",/imovel/aluguel-casa-3-quartos-com-quintal-freguesia-do-o-zona-norte-sao-paulo-sp-127m2-id-2516331892/
"Estrada do Sabão, Freguesia do Ó",sp+sao-paulo+zona-norte,casas,100,2,3,3,2300,Casa térrea,/imovel/aluguel-casa-3-quartos-freguesia-do-o-zona-norte-sao-paulo-sp-100m2-id-2516093200/
"Rua Antônio João, Sítio do Morro",sp+sao-paulo+zona-norte,casas,80,1,2,1,1500,"Casa com 2 dormitórios para alugar, 80 m² por R$ 1.500,00/mês - Sítio do Morro - São Paulo/SP",/imovel/aluguel-casa-2-quartos-com-quintal-sitio-do-morro-zona-norte-sao-paulo-sp-80m2-id-2516277215/
"Rua Solano Trindade, Parque Ramos Freitas",sp+sao-paulo+zona-norte,casas,150,2,2,2,1600,Casa para aluguel tem 150 metros quadrados com 2 quartos em Parque Ramos Freitas - São Paulo - SP,/imovel/aluguel-casa-2-quartos-parque-ramos-freitas-zona-norte-sao-paulo-sp-150m2-id-2515986379/
Vila Mariza Mazzei,sp+sao-paulo+zona-norte,casas,115,3,3,2,3700,Sobrado Novo para Locação !!!,/imovel/aluguel-casa-3-quartos-vila-mariza-mazzei-zona-norte-sao-paulo-sp-115m2-id-2516363707/
"Rua Manuel da Cunha, Água Fria",sp+sao-paulo+zona-norte,casas,162,5,3,3,2894,São Paulo - Casa Padrão - Água Fria,/imovel/aluguel-casa-3-quartos-com-armario-de-cozinha-agua-fria-zona-norte-sao-paulo-sp-162m2-id-2516340584/
Vila Sabrina,sp+sao-paulo+zona-norte,casas,120,3,3,2,2500,SãO PAULO - Casa Padrão - Vila Sabrina,/imovel/aluguel-casa-3-quartos-com-sala-de-jantar-vila-sabrina-zona-norte-sao-paulo-sp-120m2-id-2515203211/
Vila Santa Delfina,sp+sao-paulo+zona-norte,casas,125,3,3,3,3400,Sobrado com 3 dormitórios - venda por R$ 800.000 ou aluguel por R$ 3.400/mês - Próx. Edgard Facó- Sã,/imovel/venda-casa-3-quartos-com-churrasqueira-vila-santa-delfina-zona-norte-sao-paulo-sp-125m2-id-2511914603/
"Avenida Senador José Ermírio de Moraes, Tremembé",sp+sao-paulo+zona-norte,casas,120,2,3,2,2000,"Casa para Locação em São Paulo, Tremembé, 3 dormitórios, 1 suíte, 2 banheiros, 2 vagas",/imovel/aluguel-casa-3-quartos-tremembe-zona-norte-sao-paulo-sp-120m2-id-2514953028/
"Rua Hortensia, Jardim do Colegio Zona Norte",sp+sao-paulo+zona-norte,casas,115,3,3,2,3700,Sobrado novo para locação no Jardim do Colégio,/imovel/aluguel-casa-3-quartos-com-churrasqueira-jardim-do-colegio-zona-norte-zona-norte-sao-paulo-sp-115m2-id-2515476379/
"Rua Oswaldo Casella, Vila Siqueira",sp+sao-paulo+zona-norte,casas,100,2,3,2,2700,Sobrado com 100 m² na Vila Siqueira para locação,/imovel/aluguel-casa-3-quartos-com-cozinha-vila-siqueira-zona-norte-sao-paulo-sp-100m2-id-2514196416/
"Rua Salvador Padilha Gimenes, Vila Santa Maria",sp+sao-paulo+zona-norte,casas,110,3,2,2,2200,"Sobrado com 2 dormitórios para alugar, 110 m² por R$ 2.200,00/mês - Limão - São Paulo/SP",/imovel/aluguel-casa-2-quartos-com-churrasqueira-vila-santa-maria-zona-norte-sao-paulo-sp-110m2-id-2514630291/
"Rua Sousa Filho, Freguesia do Ó",sp+sao-paulo+zona-norte,casas,150,2,3,3,2300,São Paulo - Casa Padrão - Freguesia do Ó,/imovel/aluguel-casa-3-quartos-com-area-de-servico-freguesia-do-o-zona-norte-sao-paulo-sp-150m2-id-2515466894/
"Rua Padre Agostinho Poncet, Água Fria",sp+sao-paulo+zona-norte,apartamentos,60,1,2,1,1600,São Paulo - Apartamento Padrão - Água Fria,/imovel/aluguel-apartamento-2-quartos-agua-fria-zona-norte-sao-paulo-sp-60m2-id-2493246993/
Vila Sabrina,sp+sao-paulo+zona-norte,apartamentos,26,1,1,0,900,SãO PAULO - Apartamento Padrão - Vila Sabrina,/imovel/aluguel-apartamento-1-quarto-vila-sabrina-zona-norte-sao-paulo-sp-26m2-id-2486657391/
Pirituba,sp+sao-paulo+zona-norte,apartamentos,48,1,2,1,1450,São Paulo - Apartamento Padrão - Pirituba,/imovel/aluguel-apartamento-2-quartos-com-area-de-servico-pirituba-zona-norte-sao-paulo-sp-48m2-id-2500908310/
"Rua João Rudge, Casa Verde",sp+sao-paulo+zona-norte,apartamentos,83,3,2,2,2800,"Apartamento com 2 dormitórios para alugar, 83 m² por R$ 2.800,00/mês - Casa Verde (Zona Norte) - São",/imovel/aluguel-apartamento-2-quartos-com-piscina-casa-verde-zona-norte-sao-paulo-sp-83m2-id-2515917617/
"Rua Ezequiel Freire, Santana",sp+sao-paulo+zona-norte,apartamentos,44,1,1,0,2200,Apartamento SÃO PAULO,/imovel/aluguel-apartamento-1-quarto-santana-zona-norte-sao-paulo-sp-44m2-id-2493800495/
"Avenida Santa Inês, Mandaqui",sp+sao-paulo+zona-norte,apartamentos,84,2,3,2,2000,"Apartamento 3 dormitórios, 2 vagas, com armários - Mandaqui - São Paulo-SP",/imovel/aluguel-apartamento-3-quartos-com-elevador-mandaqui-zona-norte-sao-paulo-sp-84m2-id-2513223096/
Parada Inglesa,sp+sao-paulo+zona-norte,apartamentos,80,2,3,2,3000,Apartamento vago c/2 vagas ao lado do Metrô c/ Varanda Gourmet e lazer completo andar alto,/imovel/aluguel-apartamento-3-quartos-parada-inglesa-zona-norte-sao-paulo-sp-80m2-id-2514201641/
"Avenida José Maria Fernandes, Parque Novo Mundo",sp+sao-paulo+zona-norte,apartamentos,59,2,2,1,1700,"Condomínio Ravenna Apartamento com 2 dormitórios para alugar, 58 m² por R$ 1.700/mês - Parque Novo M",/imovel/aluguel-apartamento-2-quartos-com-piscina-parque-novo-mundo-zona-norte-sao-paulo-sp-59m2-id-2516253622/
"Rua Santo Egídio, Santana",sp+sao-paulo+zona-norte,apartamentos,60,2,2,1,2100,São Paulo - Apartamento Padrão - Santana,/imovel/aluguel-apartamento-2-quartos-com-piscina-santana-zona-norte-sao-paulo-sp-60m2-id-2516280487/
"Avenida José Maria Fernandes, Parque Novo Mundo",sp+sao-paulo+zona-norte,apartamentos,58,2,2,1,1800,São Paulo - Apartamento Padrão - Parque Novo Mundo,/imovel/aluguel-apartamento-2-quartos-com-piscina-parque-novo-mundo-zona-norte-sao-paulo-sp-58m2-id-2516341678/
"Avenida General Ataliba Leonel, Parada Inglesa",sp+sao-paulo+zona-norte,apartamentos,80,2,3,2,3000,"Apartamento com 80 m², 3 dormitórios, Varanda Gourmet e 2 Vagas na Parada Inglesa",/imovel/aluguel-apartamento-3-quartos-parada-inglesa-zona-norte-sao-paulo-sp-80m2-id-2514156604/
"Avenida Guapira, Tucuruvi",sp+sao-paulo+zona-norte,apartamentos,41,1,2,1,1700,Apartamento para aluguel tem 41 metros quadrados com 2 quartos em Tucuruvi - São Paulo - SP,/imovel/aluguel-apartamento-2-quartos-com-piscina-tucuruvi-zona-norte-sao-paulo-sp-41m2-id-2514133238/
"Avenida General Ataliba Leonel, Parada Inglesa",sp+sao-paulo+zona-norte,apartamentos,80,2,3,2,3000,"Apartamento com 3 dormitórios para alugar, 80 m² por R$ 3.000/mês - Parada Inglesa - São Paulo/SP",/imovel/aluguel-apartamento-3-quartos-com-armario-de-cozinha-parada-inglesa-zona-norte-sao-paulo-sp-80m2-id-2514259881/
Santana,sp+sao-paulo+zona-norte,apartamentos,55,1,1,1,1200,APTO EM SANTANA,/imovel/aluguel-apartamento-1-quarto-com-piscina-santana-zona-norte-sao-paulo-sp-55m2-id-2516362528/
Santana,sp+sao-paulo+zona-norte,apartamentos,65,2,2,2,2500,EXCELENTE APARTAMENTO NA DR. CESAR EM SANTANA,/imovel/aluguel-apartamento-2-quartos-santana-zona-norte-sao-paulo-sp-65m2-id-2516309595/
Vila Barreto,sp+sao-paulo+zona-norte,apartamentos,55,2,2,1,1500,"Apartamento para Locação em São Paulo, Vila Barreto, 2 dormitórios, 1 suíte, 2 banheiros, 1 vaga",/imovel/aluguel-apartamento-2-quartos-com-churrasqueira-vila-barreto-zona-norte-sao-paulo-sp-55m2-id-2516339185/
Santana,sp+sao-paulo+zona-norte,apartamentos,80,2,3,0,2400,"Apartamento com 3 dormitórios para alugar, 80 m² por R$ 2.400,00/mês - Santana (Zona Norte) - São Pa",/imovel/aluguel-apartamento-3-quartos-com-deposito-privativo-no-subsolo-santana-zona-norte-sao-paulo-sp-80m2-id-2516136313/
"Rua Jacaré-Copaíba, Freguesia do Ó",sp+sao-paulo+zona-norte,apartamentos,53,2,2,1,2000,"Apartamento com 2 dormitórios para alugar, 53 m² por R$ 2.000,00/mês - Freguesia do Ó - São Paulo/SP",/imovel/aluguel-apartamento-2-quartos-com-piscina-freguesia-do-o-zona-norte-sao-paulo-sp-53m2-id-2514094626/
Vila Ester Zona Norte,sp+sao-paulo+zona-norte,apartamentos,55,1,2,2,2600,SÃO PAULO - Apartamento Padrão - VILA ESTER (ZONA NORTE),/imovel/aluguel-apartamento-2-quartos-com-piscina-vila-ester-zona-norte-zona-norte-sao-paulo-sp-55m2-id-2516274940/
Santa Teresinha,sp+sao-paulo+zona-norte,apartamentos,62,1,2,1,1900,São Paulo - Apartamento Padrão - SANTA TERESINHA,/imovel/aluguel-apartamento-2-quartos-com-piscina-santa-teresinha-zona-norte-sao-paulo-sp-62m2-id-2512605651/
Santana,sp+sao-paulo+zona-norte,apartamentos,42,1,1,1,2500,São Paulo - Kitchenette/Studio - Santana,/imovel/aluguel-apartamento-1-quarto-com-piscina-santana-zona-norte-sao-paulo-sp-42m2-id-2515201349/
Jardim Brasil,sp+sao-paulo+zona-norte,apartamentos,63,2,2,1,1500,SãO PAULO - Apartamento Padrão - Jardim Brasil (Zona Norte),/imovel/aluguel-apartamento-2-quartos-com-sala-de-jantar-jardim-brasil-zona-norte-sao-paulo-sp-63m2-id-2512014074/
Vila Amália,sp+sao-paulo+zona-norte,apartamentos,68,2,3,2,1600,Apartamento VILA AMALIA SAO PAULO SP Brasil,/imovel/aluguel-apartamento-3-quartos-vila-amalia-zona-norte-sao-paulo-sp-68m2-id-2516331094/
Vila Maria,sp+sao-paulo+zona-norte,apartamentos,65,2,2,1,1700,São Paulo - Apartamento Padrão - Vila Maria,/imovel/aluguel-apartamento-2-quartos-com-area-de-servico-vila-maria-zona-norte-sao-paulo-sp-65m2-id-2514885000/
"Rua Major Paladino, Vila Ribeiro De Barros",sp+sao-paulo+zona-oeste,casas,80,1,1,1,950,"Casa com 1 dormitório para alugar, 80 m² por R$ 950,00/mês - Vila Ribeiro de Barros - São Paulo/SP",/imovel/aluguel-casa-1-quarto-vila-ribeiro-de-barros-zona-oeste-sao-paulo-sp-80m2-id-2512083512/
"Rua Pepiguari, Alto da Lapa",sp+sao-paulo+zona-oeste,casas,238,3,5,4,8000,SãO PAULO - Casa Padrão - Alto Da Lapa,/imovel/venda-casa-5-quartos-com-quintal-alto-da-lapa-zona-oeste-sao-paulo-sp-238m2-id-2488182805/
"Rua Hayden, Vila Leopoldina",sp+sao-paulo+zona-oeste,casas,150,2,3,1,3500,"Sobrado para alugar, 150 m² por R$ 3.500,00/mês - Vila Leopoldina - São Paulo/SP",/imovel/aluguel-casa-3-quartos-vila-leopoldina-zona-oeste-sao-paulo-sp-150m2-id-2446364322/
"Rua Dácio Aguiar de Moraes, Vila Gomes",sp+sao-paulo+zona-oeste,casas,60,1,2,3,1250,"Casa Terrea para locação, amplo quintal - Vila Gomes - São Paulo - SP",/imovel/aluguel-casa-2-quartos-com-quintal-vila-gomes-zona-oeste-sao-paulo-sp-60m2-id-2515875173/
"Rua Charles D'Aviler, Jardim Das Palmas",sp+sao-paulo+zona-oeste,casas,125,3,3,2,2100,"Casa com 3 dormitórios para alugar, 125 m² por R$ 2.100,00/mês - Jardim das Palmas - São Paulo/SP",/imovel/aluguel-casa-3-quartos-com-churrasqueira-jardim-das-palmas-zona-oeste-sao-paulo-sp-125m2-id-2515635404/
"Rua José Cabral Pereira, Jaguaré",sp+sao-paulo+zona-oeste,casas,100,2,3,2,1700,Casa para aluguel com 100 metros quadrados com 3 quartos em Jaguaré - São Paulo - SP,/imovel/aluguel-casa-3-quartos-jaguare-zona-oeste-sao-paulo-sp-100m2-id-2514717314/
Perdizes,sp+sao-paulo+zona-oeste,casas,120,2,2,1,2700,AO LADO DO BAR DO SOUZA POMPEIA,/imovel/aluguel-casa-2-quartos-perdizes-zona-oeste-sao-paulo-sp-120m2-id-2516358997/
Jardim Iracema,sp+sao-paulo+zona-oeste,casas,60,1,2,2,1450,SÃO PAULO - Casa Padrão - JARDIM IRACEMA,/imovel/aluguel-casa-2-quartos-jardim-iracema-zona-oeste-sao-paulo-sp-60m2-id-2516061301/
"Rua João Plácido Viana, Jardim Ester Yolanda",sp+sao-paulo+zona-oeste,casas,110,3,2,2,2000,Casa para aluguel tem 110 metros quadrados com 2 quartos em Jardim Ester Yolanda - São Paulo - SP,/imovel/aluguel-casa-2-quartos-jardim-ester-yolanda-zona-oeste-sao-paulo-sp-110m2-id-2515370999/
"Rua Tiburtino, Siciliano",sp+sao-paulo+zona-oeste,casas,240,2,4,2,3600,"Sobrado com 4 dormitórios para alugar, 240 m² por R$ 3.600,00 - Siciliano - São Paulo/SP",/imovel/aluguel-casa-4-quartos-siciliano-zona-oeste-sao-paulo-sp-240m2-id-2514570477/
"Rua José Barbosa, Butantã",sp+sao-paulo+zona-oeste,casas,160,3,3,1,2200,São Paulo - Casa Padrão - Butantã,/imovel/aluguel-casa-3-quartos-butanta-zona-oeste-sao-paulo-sp-160m2-id-2516159963/
"Rua Rifaina, Pompeia",sp+sao-paulo+zona-oeste,casas,80,2,2,0,1700,Casa para aluguel com 80 metros quadrados com 2 quartos em Vila Anglo Brasileira - São Paulo - SP,/imovel/aluguel-casa-2-quartos-pompeia-zona-oeste-sao-paulo-sp-80m2-id-2516344355/
"Rua Domenico Ferrara, Cidade D Abril",sp+sao-paulo+zona-oeste,casas,100,2,2,3,2200,"Casa com 2 dormitórios para alugar, 100 m² por R$ 2.200,00/mês - Cidade D Abril - São Paulo/SP",/imovel/aluguel-casa-2-quartos-com-churrasqueira-cidade-d-abril-zona-oeste-sao-paulo-sp-100m2-id-2515061786/
"Rua Santa Romana, Piqueri",sp+sao-paulo+zona-oeste,casas,100,2,2,2,1650,São Paulo - Casa Padrão - Piqueri,/imovel/aluguel-casa-2-quartos-piqueri-zona-oeste-sao-paulo-sp-100m2-id-2516045890/
"Rua Nilza Medeiros Martins, Vila Sônia",sp+sao-paulo+zona-oeste,casas,220,5,3,2,3700,São Paulo - Casa Padrão - Vila Sônia,/imovel/venda-casa-3-quartos-com-churrasqueira-vila-sonia-zona-oeste-sao-paulo-sp-220m2-id-2515978617/
"Viela B, Butantã",sp+sao-paulo+zona-oeste,casas,100,2,2,1,1900,São Paulo - Casa Padrão - Butantã,/imovel/aluguel-casa-2-quartos-com-armario-de-cozinha-butanta-zona-oeste-sao-paulo-sp-100m2-id-2515831874/
"Rua Professor José Geraldo de Lima, Vila Tiradentes",sp+sao-paulo+zona-oeste,casas,110,2,3,3,2550,CASA SOBREPOSTA - VILA TIRADENTES - SP,/imovel/aluguel-casa-3-quartos-vila-tiradentes-zona-oeste-sao-paulo-sp-110m2-id-2515347402/
Butantã,sp+sao-paulo+zona-oeste,casas,125,1,3,2,2100,SãO PAULO - Casa Padrão - Butantã,/imovel/aluguel-casa-3-quartos-com-armario-embutido-butanta-zona-oeste-sao-paulo-sp-125m2-id-2515913617/
"Rua Doutor Ernani da Gama Corrêa, Conjunto Residencial Butantã",sp+sao-paulo+zona-oeste,casas,108,2,2,1,2700,"Casa com 2 dormitórios para alugar, 108 m² por R$ 2.700,00/mês - Conjunto Residencial Butantã - São",/imovel/aluguel-casa-2-quartos-com-armario-de-cozinha-conjunto-residencial-butanta-zona-oeste-sao-paulo-sp-108m2-id-2514156526/
"Rua Pascoal Vita, Vila Madalena",sp+sao-paulo+zona-oeste,casas,120,1,2,2,2300,São Paulo - Casa Padrão - Vila Madalena,/imovel/aluguel-casa-2-quartos-vila-madalena-zona-oeste-sao-paulo-sp-120m2-id-2515899935/
"Rua Doutor Paulo Ribeiro Coelho, Jardim Ester Yolanda",sp+sao-paulo+zona-oeste,casas,137,2,3,2,2200,"Sobrado com 3 dormitórios para alugar, 137 m² por R$ 2.200,00/mês - Jardim Ester Yolanda - São Paulo",/imovel/aluguel-casa-3-quartos-com-area-de-servico-jardim-ester-yolanda-zona-oeste-sao-paulo-sp-137m2-id-2514683244/
"Rua Padre Lamberto Martin, Jardim Pinheiros",sp+sao-paulo+zona-oeste,casas,142,3,3,2,2800,"Sobrado com 3 dormitórios para alugar, 142 m² por R$ 2.700,00/mês - Jardim Pinheiros - São Paulo/SP",/imovel/aluguel-casa-3-quartos-jardim-pinheiros-zona-oeste-sao-paulo-sp-142m2-id-2512133913/
"Rua Tenente João Salustiano Lira, Jardim Humaitá",sp+sao-paulo+zona-oeste,casas,200,3,3,2,3000,"Sobrado com 3 Quartos, 3 banheiros e 2 Vagas à Venda, 200 m²",/imovel/venda-casa-3-quartos-jardim-humaita-zona-oeste-sao-paulo-sp-200m2-id-2513171384/
"Rua Ana Luiza Florence Borges, Vila Sao Francisco",sp+sao-paulo+zona-oeste,casas,80,2,3,2,2100,Casa para aluguel possui 80 metros quadrados com 3 quartos em Vila São Francisco - São Paulo - SP,/imovel/aluguel-casa-3-quartos-com-infraestrutura-internet-vila-sao-francisco-zona-oeste-sao-paulo-sp-80m2-id-2515729877/
"Rua Domingos Lopes da Silva, Vila Suzana",sp+sao-paulo+zona-oeste,apartamentos,35,1,1,1,1350,SÃO PAULO - APARTAMENTO - VILA SUZANA,/imovel/aluguel-apartamento-1-quarto-mobiliado-vila-suzana-zona-oeste-sao-paulo-sp-35m2-id-2512860077/
"Rua Cardeal Arcoverde, Pinheiros",sp+sao-paulo+zona-oeste,apartamentos,52,1,2,1,3970,Pinheiros – 2 Dormitórios – Andar Alto – Pronto pra Morar - Metro Sumare,/imovel/aluguel-apartamento-2-quartos-com-piscina-pinheiros-zona-oeste-sao-paulo-sp-52m2-id-2501700205/
"Rua Brigadeiro Galvão, Barra Funda",sp+sao-paulo+zona-oeste,apartamentos,81,2,3,2,3800,São Paulo - Apartamento Padrão - Barra Funda,/imovel/aluguel-apartamento-3-quartos-mobiliado-barra-funda-zona-oeste-sao-paulo-sp-81m2-id-2512925386/
"Rua Euclides de Andrade, Pompeia",sp+sao-paulo+zona-oeste,apartamentos,47,1,1,1,3500,Apartamento para aluguel possui 47 metros quadrados com 1 quarto,/imovel/aluguel-apartamento-1-quarto-com-piscina-pompeia-zona-oeste-sao-paulo-sp-47m2-id-2516137440/
"Rua Francisco Santoro, Jardim Monte Kemel",sp+sao-paulo+zona-oeste,apartamentos,59,2,2,1,2500,"Apartamento com 2 dormitórios para alugar, 59 m² por R$ 2.500,00/mês - Jardim Monte Kemel - São Paul",/imovel/aluguel-apartamento-2-quartos-com-piscina-jardim-monte-kemel-zona-oeste-sao-paulo-sp-59m2-id-2514085147/
"Avenida Doutor Cândido Motta Filho, Cidade São Francisco",sp+sao-paulo+zona-oeste,apartamentos,58,2,2,1,3095,São Paulo - Apartamento Padrão - Cidade São Francisco,/imovel/aluguel-apartamento-2-quartos-com-piscina-cidade-sao-francisco-zona-oeste-sao-paulo-sp-58m2-id-2516280384/
"Rua dos Americanos, Barra Funda",sp+sao-paulo+zona-oeste,apartamentos,62,2,2,1,2500,Apartamento para aluguel com 62 metros quadrados com 2 quartos em Barra Funda - São Paulo - SP,/imovel/aluguel-apartamento-2-quartos-com-piscina-barra-funda-zona-oeste-sao-paulo-sp-62m2-id-2512546616/
Barra Funda,sp+sao-paulo+zona-oeste,apartamentos,56,2,2,1,2600,"Apartamento na Barra Funda - São Paulo, SP",/imovel/aluguel-apartamento-2-quartos-barra-funda-zona-oeste-sao-paulo-sp-56m2-id-2515398520/
"Rua Dom João V, Lapa",sp+sao-paulo+zona-oeste,apartamentos,40,1,1,1,2000,"Condomínio Edifício London | Rua Dom João V, 610",/imovel/aluguel-apartamento-1-quarto-com-piscina-lapa-zona-oeste-sao-paulo-sp-40m2-id-2515413202/
"Avenida Kenkiti Simomoto, Jaguaré",sp+sao-paulo+zona-oeste,apartamentos,55,2,2,1,2150,São Paulo - Apartamento Padrão - Jaguaré,/imovel/venda-apartamento-2-quartos-mobiliado-jaguare-zona-oeste-sao-paulo-sp-55m2-id-2515545292/
"Rua Melo Palheta, Água Branca",sp+sao-paulo+zona-oeste,apartamentos,143,2,3,3,8000,Apartamento para locação 143 m2 3 vagas 3 suítes,/imovel/aluguel-apartamento-3-quartos-com-piscina-agua-branca-zona-oeste-sao-paulo-sp-143m2-id-2513313622/
Perdizes,sp+sao-paulo+zona-oeste,apartamentos,45,1,1,1,2100,Apto p/ Locação em Perdizes,/imovel/aluguel-apartamento-1-quarto-perdizes-zona-oeste-sao-paulo-sp-45m2-id-2514398818/
"Rua Francisco Luiz de Souza Júnior, Água Branca",sp+sao-paulo+zona-oeste,apartamentos,70,2,3,1,2450,03 DORMITORIOS - BARRA - FUNDA !!,/imovel/aluguel-apartamento-3-quartos-com-piscina-agua-branca-zona-oeste-sao-paulo-sp-70m2-id-2515874424/
"Rua Bela Cintra, Jardins",sp+sao-paulo+zona-oeste,apartamentos,50,2,1,0,2500,SAO PAULO - Apartamento Padrão - Jardins,/imovel/aluguel-apartamento-1-quarto-com-jardim-jardins-zona-oeste-sao-paulo-sp-50m2-id-2511979113/
"Rua da Consolação, Jardins",sp+sao-paulo+zona-oeste,apartamentos,135,4,3,2,5600,Apartamento para aluguel tem 135 metros quadrados com 3 quartos em Cerqueira César - São Paulo - SP,/imovel/aluguel-apartamento-3-quartos-com-jardim-jardins-zona-oeste-sao-paulo-sp-135m2-id-2516069398/
"Rua da Consolação, Jardins",sp+sao-paulo+zona-oeste,apartamentos,102,3,2,2,5100,Jardins - Apartamento Super! Totalmente reformado 2 suítes máster,/imovel/aluguel-apartamento-2-quartos-com-salao-de-festas-jardins-zona-oeste-sao-paulo-sp-102m2-id-2512563679/
"Rua José Augusto Penteado, Vila Madalena",sp+sao-paulo+zona-oeste,apartamentos,70,2,1,1,3800,São Paulo - Apartamento Padrão - Vila Madalena,/imovel/aluguel-apartamento-1-quarto-com-piscina-vila-madalena-zona-oeste-sao-paulo-sp-70m2-id-2515780083/
"Avenida Raimundo Pereira de Magalhães, Vila Anastácio",sp+sao-paulo+zona-oeste,apartamentos,87,2,2,2,3000,São Paulo - Apartamento Padrão - vila anastácio,/imovel/aluguel-apartamento-2-quartos-com-armario-embutido-vila-anastacio-zona-oeste-sao-paulo-sp-87m2-id-2516229797/
"Rua Doutor Luiz Migliano, Jardim Caboré",sp+sao-paulo+zona-oeste,apartamentos,90,2,2,2,2800,Apartamento para aluguel tem 90 metros quadrados com 2 quartos em Jardim Caboré - São Paulo - SP,/imovel/aluguel-apartamento-2-quartos-jardim-cabore-zona-oeste-sao-paulo-sp-90m2-id-2504401191/
"Rua José Augusto Penteado, Vila Madalena",sp+sao-paulo+zona-oeste,apartamentos,64,2,2,1,3700,2 DORMITÓRIOS (1 STE) 64m2 ANDAR ALTO VARANDA 1 VAGA,/imovel/aluguel-apartamento-2-quartos-com-piscina-vila-madalena-zona-oeste-sao-paulo-sp-64m2-id-2512595490/
"Vila Tagipuru, Barra Funda",sp+sao-paulo+zona-oeste,apartamentos,70,2,3,1,3500,Próximo ao Metrô Barra Funda,/imovel/aluguel-apartamento-3-quartos-com-piscina-barra-funda-zona-oeste-sao-paulo-sp-70m2-id-2514167233/
"Praça Alexandre de Gusmão, Jardins",sp+sao-paulo+zona-oeste,apartamentos,50,2,1,1,3800,São Paulo - Apartamento Padrão - Jardins,/imovel/aluguel-apartamento-1-quarto-com-piscina-jardins-zona-oeste-sao-paulo-sp-50m2-id-2514295541/
"Rua Doutor Hélio Fidélis, Vila Sao Francisco",sp+sao-paulo+zona-oeste,apartamentos,72,2,2,1,2500,SÃO PAULO - APARTAMENTO PADRÃO - VILA SÃO FRANCISCO,/imovel/aluguel-apartamento-2-quartos-vila-sao-francisco-zona-oeste-sao-paulo-sp-72m2-id-2514135576/
"Rua Faustolo, Lapa",sp+sao-paulo+zona-oeste,apartamentos,67,2,2,2,3300,Apartamento para aluguel possui 67 metros quadrados com 2 quartos em Lapa - São Paulo - São Paulo,/imovel/aluguel-apartamento-2-quartos-mobiliado-lapa-zona-oeste-sao-paulo-sp-67m2-id-2514678108/
"Rua Suméria, Jardim Umuarama",sp+sao-paulo+zona-sul,casas,220,3,4,2,3700,"Casa com 4 dorms, Jardim Umuarama, São Paulo - R$ 830 mil, Cod: 845",/imovel/venda-casa-4-quartos-com-lavanderia-coletiva-jardim-umuarama-zona-sul-sao-paulo-sp-220m2-id-2227005920/
"Avenida Jandira, Moema",sp+sao-paulo+zona-sul,casas,140,4,3,2,4800,Casa em Moema de Uso Misto com 140 m²- 3 dorm ou 6 salas,/imovel/aluguel-casa-3-quartos-com-quintal-moema-zona-sul-sao-paulo-sp-140m2-id-2460067147/
Vila Nova Conceição,sp+sao-paulo+zona-sul,casas,723,5,3,5,40000,São Paulo - Casa Padrão - Vila Nova Conceição,/imovel/venda-casa-3-quartos-com-armario-de-cozinha-vila-nova-conceicao-zona-sul-sao-paulo-sp-723m2-id-2511447444/
"Rua João de Castro Rebelo, Jabaquara",sp+sao-paulo+zona-sul,casas,152,2,3,2,2800,"Sobrado com 3 dormitórios para alugar, 152 m² por R$ 2.800,00/mês - Jabaquara - São Paulo/SP",/imovel/aluguel-casa-3-quartos-com-cozinha-jabaquara-zona-sul-sao-paulo-sp-152m2-id-2515894479/
"Rua Frutuoso Barbosa, Jardim Primavera",sp+sao-paulo+zona-sul,casas,100,3,3,2,2300,Casa para aluguel com 3 quartos 1 suíte com varanda à 5 minutos da estação autódromo,/imovel/aluguel-casa-3-quartos-com-seguranca-interna-jardim-primavera-zona-sul-sao-paulo-sp-100m2-id-2516336119/
"Rua José Serdeira Ribas, Jardim Vergueiro",sp+sao-paulo+zona-sul,casas,150,4,3,1,2300,",Sobrado - Jardim Vergueiro",/imovel/aluguel-casa-3-quartos-jardim-vergueiro-zona-sul-sao-paulo-sp-150m2-id-2515985727/
"Rua Guilherme Asbahr Neto, Chácara Monte Alegre",sp+sao-paulo+zona-sul,casas,130,2,2,2,2200,"Excelente casa , no Alto da Boa Vista !",/imovel/aluguel-casa-2-quartos-chacara-monte-alegre-zona-sul-sao-paulo-sp-130m2-id-2515942089/
"Rua Doutor Nestor Alberto de Macedo, Jardim da Saude",sp+sao-paulo+zona-sul,casas,100,1,2,0,1800,Casa para aluguel tem 100 metros quadrados com 2 quartos em Vila Santo Estéfano - São Paulo - SP,/imovel/aluguel-casa-2-quartos-com-quintal-jardim-da-saude-zona-sul-sao-paulo-sp-100m2-id-2512652293/
Vila Santa Teresa,sp+sao-paulo+zona-sul,casas,92,1,2,2,1900,Casa Térrea em Vila Santa Teresa (zona Sul) - São Paulo,/imovel/aluguel-casa-2-quartos-com-salao-de-festas-vila-santa-teresa-zona-sul-sao-paulo-sp-92m2-id-2516141754/
"Avenida Miguel Yunes, Usina Piratininga",sp+sao-paulo+zona-sul,casas,200,2,3,2,2550,SAO PAULO - Casa Padrão - USINA PIRATININGA,/imovel/aluguel-casa-3-quartos-com-armario-de-cozinha-usina-piratininga-zona-sul-sao-paulo-sp-200m2-id-2516158682/
"Rua Itapecirica da Serra, Cidade Ademar",sp+sao-paulo+zona-sul,casas,90,4,3,2,550000,Casa para aluguel e venda com 90 metros quadrados com 3 quartos em Cidade Ademar - São Paulo - SP,/imovel/venda-casa-de-condominio-3-quartos-com-piscina-cidade-ademar-zona-sul-sao-paulo-sp-90m2-id-2516320573/
"Rua Elizabeth Linley, Americanópolis",sp+sao-paulo+zona-sul,casas,91,1,2,2,1650,Casa para aluguel com 91 metros quadrados com 2 quartos em Americanópolis - São Paulo - São Paulo,/imovel/aluguel-casa-2-quartos-americanopolis-zona-sul-sao-paulo-sp-91m2-id-2515039380/
"Rua Pedro de Cândia, Monte Azul",sp+sao-paulo+zona-sul,casas,80,2,3,2,2200,"Sobrado com 3 dormitórios para alugar, 80 m² por R$ 2.200,00/mês - Jardim Monte Azul - São Paulo/SP",/imovel/aluguel-casa-3-quartos-monte-azul-zona-sul-sao-paulo-sp-80m2-id-2515437878/
"Rua Teodósio Nobre, Vila Marari",sp+sao-paulo+zona-sul,casas,300,2,3,2,1700,Linda casa terrea 3 dormitorios na cidade ademar,/imovel/aluguel-casa-3-quartos-vila-marari-zona-sul-sao-paulo-sp-300m2-id-2515942092/
"Rua Guilherme Asbahr Neto, Chácara Monte Alegre",sp+sao-paulo+zona-sul,casas,120,2,2,1,2200,Casa de Vila para residência ou comercio com 2 dormitórios,/imovel/aluguel-casa-2-quartos-chacara-monte-alegre-zona-sul-sao-paulo-sp-120m2-id-2515203689/
"Rua Angélica de Jesus, Jabaquara",sp+sao-paulo+zona-sul,casas,110,2,2,3,1900,SãO PAULO - Casa Padrão - Jabaquara,/imovel/aluguel-casa-2-quartos-com-armario-embutido-jabaquara-zona-sul-sao-paulo-sp-110m2-id-2510925379/
"Rua Professor Romeu Pellegrini, Ipiranga",sp+sao-paulo+zona-sul,casas,74,2,2,1,2200,Casa com 2 dormitórios próximo ao Hospital Ipiranga,/imovel/aluguel-casa-2-quartos-com-cozinha-ipiranga-zona-sul-sao-paulo-sp-74m2-id-2516045169/
Jardim Aeroporto,sp+sao-paulo+zona-sul,casas,189,3,4,2,3500,Casa no Jardim Aeroporto - São Paulo,/imovel/aluguel-casa-4-quartos-jardim-aeroporto-zona-sul-sao-paulo-sp-189m2-id-2513916038/
"Rua Santo Antônio de Categero, Vila Natalia",sp+sao-paulo+zona-sul,casas,70,2,1,1,1200,"Casa com 1 dorm, Vila Natália, São Paulo, Cod: 510",/imovel/aluguel-casa-1-quarto-vila-natalia-zona-sul-sao-paulo-sp-70m2-id-2515414123/
"Avenida Ceci, Planalto Paulista",sp+sao-paulo+zona-sul,casas,130,2,3,1,3200,"Casa com 3 dorms, Planalto Paulista, São Paulo, Cod: 481",/imovel/aluguel-casa-3-quartos-planalto-paulista-zona-sul-sao-paulo-sp-130m2-id-2515413588/
"Rua Geraldo Bourroul, Brooklin",sp+sao-paulo+zona-sul,casas,110,2,2,2,2100,São Paulo - Casa Padrão - Brooklin,/imovel/aluguel-casa-2-quartos-com-armario-de-cozinha-brooklin-zona-sul-sao-paulo-sp-110m2-id-2515374787/
"Rua Francisco de Paula Brito, Planalto Paulista",sp+sao-paulo+zona-sul,casas,180,3,3,3,4200,SOBRADO 3 DORMTS 2 SUÍTES 180 M² EDÍCULA + QUINTAL PLANALTO PAULISTA LOCAÇÃO,/imovel/aluguel-casa-3-quartos-com-area-de-servico-planalto-paulista-zona-sul-sao-paulo-sp-180m2-id-2515398595/
"Rua Capanema, Brooklin",sp+sao-paulo+zona-sul,casas,130,2,2,1,3500,São Paulo - Casa Padrão - Brooklin,/imovel/aluguel-casa-2-quartos-com-armario-de-cozinha-brooklin-zona-sul-sao-paulo-sp-130m2-id-2515806180/
"Rua Horácio Alves da Costa, Jardim Nosso Lar",sp+sao-paulo+zona-sul,casas,140,3,3,2,2300,SãO PAULO - Casa Padrão - Jardim Nosso Lar,/imovel/aluguel-casa-3-quartos-jardim-nosso-lar-zona-sul-sao-paulo-sp-140m2-id-2510489009/
"Avenida Doutor Cardoso de Melo, Vila Olímpia",sp+sao-paulo+zona-sul,apartamentos,74,2,2,1,5850,"Apartamento com 2 dormitórios para alugar, 74 m² por R$ 5.850,00/mês - Vila Olímpia - São Paulo/SP",/imovel/aluguel-apartamento-2-quartos-mobiliado-vila-olimpia-zona-sul-sao-paulo-sp-74m2-id-2512499139/
"Rua Joinville, Vila Mariana",sp+sao-paulo+zona-sul,apartamentos,100,3,3,1,2700,Apartamento de 100 m² inteiro reformado bem localizado no bairro Vila Mariana !!,/imovel/venda-apartamento-3-quartos-vila-mariana-zona-sul-sao-paulo-sp-100m2-id-2482121802/
"Rua Luís Correia de Melo, Granja Julieta",sp+sao-paulo+zona-sul,apartamentos,38,1,1,1,2991,"Apartamento com 1 dormitório, 38 m² - venda por R$ 450.000,00 ou aluguel por R$ 2.991,32 - Granja Ju",/imovel/venda-apartamento-1-quarto-com-armario-de-cozinha-granja-julieta-zona-sul-sao-paulo-sp-38m2-id-2502353042/
"Rua Major Freire, São Judas",sp+sao-paulo+zona-sul,apartamentos,57,2,2,1,2200,Apartamento de 57 metros quadrados no bairro Vila Monte Alegre com 2 quartos,/imovel/venda-apartamento-2-quartos-com-piscina-sao-judas-zona-sul-sao-paulo-sp-57m2-id-2443674477/
"Avenida Cupecê, Jardim Prudência",sp+sao-paulo+zona-sul,apartamentos,69,2,2,1,2700,"Apartamento com 2 dormitórios para alugar, 69 m² por R$ 2.700,00/mês - Jardim Prudência - São Paulo/",/imovel/aluguel-apartamento-2-quartos-com-piscina-jardim-prudencia-zona-sul-sao-paulo-sp-69m2-id-2513968623/
"Rua Zacarias de Gois, Campo Belo",sp+sao-paulo+zona-sul,apartamentos,100,3,2,2,5650,Apartamento para aluguel com 100 metros quadrados com 2 quartos no Campo Belo- São Paulo - SP,/imovel/aluguel-apartamento-2-quartos-com-piscina-campo-belo-zona-sul-sao-paulo-sp-100m2-id-2514598912/
Jardim Prudência,sp+sao-paulo+zona-sul,apartamentos,76,2,2,2,3500,"Apartamento com 2 dormitórios para alugar, 76 m² por R$ 3.500,00/mês - Jardim Prudência - São Paulo/",/imovel/aluguel-apartamento-2-quartos-com-piscina-jardim-prudencia-zona-sul-sao-paulo-sp-76m2-id-2511897731/
"Rua Barão do Triunfo, Brooklin",sp+sao-paulo+zona-sul,apartamentos,48,1,1,1,1800,"Apartamento para alugar, 48 m² por R$ 1.800,00/mês - Brooklin Novo - São Paulo/SP",/imovel/aluguel-apartamento-1-quarto-com-piscina-brooklin-zona-sul-sao-paulo-sp-48m2-id-2515299201/
"Alameda dos Aicás, Moema",sp+sao-paulo+zona-sul,apartamentos,106,3,2,2,7000,São Paulo - Apartamento Padrão - Moema Índios,/imovel/venda-apartamento-2-quartos-com-piscina-moema-zona-sul-sao-paulo-sp-106m2-id-2493176636/
"Rua Teodoro de Beaurepaire, Vila Dom Pedro I",sp+sao-paulo+zona-sul,apartamentos,91,3,3,2,2800,3 Domit - Suíte - Varanda - Lazer - próximo ao Metrô,/imovel/aluguel-apartamento-3-quartos-com-piscina-vila-dom-pedro-i-zona-sul-sao-paulo-sp-91m2-id-2511422686/
"Rua Paulo Orozimbo, Cambuci",sp+sao-paulo+zona-sul,apartamentos,70,2,2,1,2100,Apartamento para aluguel tem 70 metros quadrados com 2 quartos em Cambuci - São Paulo - São Paulo,/imovel/aluguel-apartamento-2-quartos-cambuci-zona-sul-sao-paulo-sp-70m2-id-2515972709/
"Rua Baluarte, Vila Olímpia",sp+sao-paulo+zona-sul,apartamentos,73,2,2,1,4600,São Paulo - Apartamento Padrão - Vila Olímpia,/imovel/venda-apartamento-2-quartos-com-elevador-vila-olimpia-zona-sul-sao-paulo-sp-73m2-id-2515467093/
"Rua Engenheiro José Sá Rocha, Vila Mariana",sp+sao-paulo+zona-sul,apartamentos,52,1,2,1,2300,"Apartamento com 2 dormitórios para alugar, 52 m² por R$ 2.300,00/mês - Vila Mariana - São Paulo/SP",/imovel/aluguel-apartamento-2-quartos-com-piscina-vila-mariana-zona-sul-sao-paulo-sp-52m2-id-2516239177/
"Rua Marcílio Dias, Socorro",sp+sao-paulo+zona-sul,apartamentos,66,2,2,1,3600,São Paulo - Apartamento Padrão - Socorro,/imovel/aluguel-apartamento-2-quartos-mobiliado-socorro-zona-sul-sao-paulo-sp-66m2-id-2515917982/
"Rua Gomes de Carvalho, Vila Olímpia",sp+sao-paulo+zona-sul,apartamentos,65,2,2,1,3600,Apartamento de 65 metros quadrados no bairro Vila Olímpia com 2 quartos,/imovel/aluguel-apartamento-2-quartos-com-piscina-vila-olimpia-zona-sul-sao-paulo-sp-65m2-id-2427549315/
"Rua César Vallejo, Real Parque",sp+sao-paulo+zona-sul,apartamentos,42,1,1,1,2224,São Paulo - Apartamento Padrão - Real Parque,/imovel/aluguel-apartamento-1-quarto-mobiliado-real-parque-zona-sul-sao-paulo-sp-42m2-id-2516279784/
"Rua Nicolau Barreto, Brooklin",sp+sao-paulo+zona-sul,apartamentos,49,2,1,1,3200,"Apartamento para alugar, 49 m² por R$ 3.200,00/mês - Brooklin Paulista - São Paulo/SP",/imovel/aluguel-apartamento-1-quarto-com-piscina-brooklin-zona-sul-sao-paulo-sp-49m2-id-2513482206/
"Rua Pedro Victor, Vila Gumercindo",sp+sao-paulo+zona-sul,apartamentos,71,2,2,1,2600,"Apartamento com 2 dormitórios para alugar, 71 m² - Vila Gumercindo - São Paulo/SP",/imovel/aluguel-apartamento-2-quartos-com-churrasqueira-vila-gumercindo-zona-sul-sao-paulo-sp-71m2-id-2516274511/
"Rua Castilho, Brooklin",sp+sao-paulo+zona-sul,apartamentos,69,2,1,2,5300,"Apartamento, 69 m² - venda por R$ 890.000,00 ou aluguel por R$ 5.300,00/mês - Brooklin - São Paulo/S",/imovel/venda-apartamento-1-quarto-mobiliado-brooklin-zona-sul-sao-paulo-sp-69m2-id-2490539504/
"Rua Doutor Paschoal Imperatriz, Vila Gertrudes",sp+sao-paulo+zona-sul,apartamentos,48,1,1,1,3290,"Apartamento Mobiliado em Vila Gertrudes - São Paulo, SP",/imovel/aluguel-apartamento-1-quarto-com-piscina-vila-gertrudes-zona-sul-sao-paulo-sp-48m2-id-2516272581/
Vila Sofia,sp+sao-paulo+zona-sul,apartamentos,77,3,3,1,3250,"Apartamento à venda, 77 m² por R$ 590.000,00 - Vila Sofia - São Paulo/SP",/imovel/venda-apartamento-3-quartos-com-piscina-vila-sofia-zona-sul-sao-paulo-sp-77m2-id-2510577976/
"Rua Doutor Martins de Oliveira, Morumbi",sp+sao-paulo+zona-sul,apartamentos,70,2,3,2,2400,São Paulo - Apartamento Padrão - Portal do Morumbi,/imovel/aluguel-apartamento-3-quartos-mobiliado-morumbi-zona-sul-sao-paulo-sp-70m2-id-2516161800/
"Rua Tenente Gomes Ribeiro, Vila Mariana",sp+sao-paulo+zona-sul,apartamentos,45,1,1,1,2000,"Apartamento 1 quarto, 45 m² úteis R$ 2.000 Vila Mariana - SP",/imovel/aluguel-apartamento-1-quarto-com-tv-a-cabo-vila-mariana-zona-sul-sao-paulo-sp-45m2-id-2516363038/
"Alameda Jauaperi, Moema",sp+sao-paulo+zona-sul,apartamentos,50,1,1,1,2300,São Paulo - Apartamento Padrão - Moema,/imovel/aluguel-apartamento-1-quarto-moema-zona-sul-sao-paulo-sp-50m2-id-2516124181/
